{
  "project_info": {
    "project_number": "206241308311",
    "firebase_url": "https://akhilp-8cf23-default-rtdb.firebaseio.com",
    "project_id": "akhilp-8cf23",
    "storage_bucket": "akhilp-8cf23.appspot.com"
  },
  "client": [
    {
      "client_info": {
        "mobilesdk_app_id": "1:206241308311:android:abe15c05d30fc25c3c93d2",
        "android_client_info": {
          "package_name": "com.example.myapplication"
        }
      },
      "oauth_client": [
        {
          "client_id": "206241308311-o952dt4ukj3up11isftfev8r6p3b0bkn.apps.googleusercontent.com",
          "client_type": 3
        }
      ],
      "api_key": [
        {
          "current_key": "AIzaSyBzGpfNwPZLLv-3Qi6tSK5F1H07S2uzz3c"
        }
      ],
      "services": {
        "appinvite_service": {
          "other_platform_oauth_client": [
            {
              "client_id": "206241308311-o952dt4ukj3up11isftfev8r6p3b0bkn.apps.googleusercontent.com",
              "client_type": 3
            }
          ]
        }
      }
    }
  ],
  "configuration_version": "1"
}